,id,symbol,name,image,current_price,market_cap,market_cap_rank,fully_diluted_valuation,total_volume,high_24h,low_24h,price_change_24h,price_change_percentage_24h,market_cap_change_24h,market_cap_change_percentage_24h,circulating_supply,total_supply,max_supply,ath,ath_change_percentage,ath_date,atl,atl_change_percentage,atl_date,roi,last_updated
0,bitcoin,btc,Bitcoin,https://assets.coingecko.com/coins/images/1/large/bitcoin.png?1547033579,45743.0,860728353101,1,962115590011.0,30998842025,47362.0,45666.0,-1140.751685463263,-2.43317,-19641896253.171387,-2.23109,18787031.0,21000000.0,21000000.0,64805.0,-29.03533,2021-04-14T11:54:46.763Z,67.81,67720.58162,2013-07-06T00:00:00.000Z,,2021-08-15T17:17:35.503Z
1,ethereum,eth,Ethereum,https://assets.coingecko.com/coins/images/279/large/ethereum.png?1595348880,3121.19,366798349050,2,,20981771353,3288.26,3129.82,-139.723464830625,-4.2848,-15149319740.680298,-3.96633,117117826.749,,,4356.99,-27.60217,2021-05-12T14:41:48.623Z,0.432979,728426.71045,2015-10-20T00:00:00.000Z,"{'times': 90.01908173950366, 'currency': 'btc', 'percentage': 9001.908173950367}",2021-08-15T17:17:27.449Z
2,cardano,ada,Cardano,https://assets.coingecko.com/coins/images/975/large/cardano.png?1547034860,2.09,67029894511,3,94065630404.0,5510554951,2.24,2.07,-0.087580302831,-4.02921,-2939477823.8291626,-4.20109,32066390668.4135,45000000000.0,45000000000.0,2.45,-14.06287,2021-05-16T07:44:28.033Z,0.01925275,10815.71392,2020-03-13T02:22:55.044Z,,2021-08-15T17:17:40.053Z
3,tether,usdt,Tether,https://assets.coingecko.com/coins/images/325/large/Tether-logo.png?1598003707,0.998656,63513275346,4,,59238744848,1.01,0.991489,-0.002397928671,-0.23954,3074147.0,0.00484,63598735031.2064,63598735031.2064,,1.32,-24.2289,2018-07-24T00:00:00.000Z,0.572521,75.10692,2015-03-02T00:00:00.000Z,,2021-08-15T17:06:28.787Z
4,binancecoin,bnb,Binance Coin,https://assets.coingecko.com/coins/images/825/large/binance-coin-logo.png?1547034615,399.64,61919521687,5,68330502951.0,1485253788,410.61,397.11,-7.922832657425,-1.94396,-1164188965.0673904,-1.84547,154533651.9,170533651.9,170533651.9,686.31,-41.38159,2021-05-10T07:24:17.097Z,0.0398177,1010259.79075,2017-10-19T00:00:00.000Z,,2021-08-15T17:17:57.680Z
5,ripple,xrp,XRP,https://assets.coingecko.com/coins/images/44/large/xrp-symbol-white-128.png?1605778731,1.25,58083031904,6,125131467913.0,11688501044,1.34,1.2,0.02712091,2.22149,873808668.0,1.52739,46417606117.0,100000000000.0,100000000000.0,3.4,-63.02998,2018-01-07T00:00:00.000Z,0.00268621,46672.56665,2014-05-22T00:00:00.000Z,,2021-08-15T17:17:22.990Z
6,dogecoin,doge,Dogecoin,https://assets.coingecko.com/coins/images/5/large/dogecoin.png?1547792256,0.300655,39430975883,7,,4364128486,0.310053,0.284944,0.0126763,4.40181,1705309839.0,4.52029,130868317235.563,,,0.731578,-58.58354,2021-05-08T05:08:23.458Z,8.69e-05,348554.35137,2015-05-06T00:00:00.000Z,,2021-08-15T17:17:28.251Z
7,usd-coin,usdc,USD Coin,https://assets.coingecko.com/coins/images/6319/large/USD_Coin_icon.png?1547042389,0.998774,27591084676,8,,2003140359,1.0,0.994164,-0.001436588632,-0.14363,-151069756.03139496,-0.54455,27616753862.8376,27618793090.6576,,1.17,-14.78333,2019-05-08T00:40:28.300Z,0.891848,12.05285,2021-05-19T13:14:05.611Z,,2021-08-15T17:17:32.358Z
8,polkadot,dot,Polkadot,https://assets.coingecko.com/coins/images/12171/large/aJGBjJFU_400x400.jpg?1597804776,21.93,22442367353,9,,846894374,23.32,21.91,-0.644012594387,-2.85279,-597444736.7835922,-2.5931,1021233244.78142,1101881656.69537,,49.35,-55.32395,2021-05-15T03:59:58.961Z,2.7,717.33234,2020-08-20T05:48:11.359Z,,2021-08-15T17:18:05.383Z
9,uniswap,uni,Uniswap,https://assets.coingecko.com/coins/images/12504/large/uniswap-uni.png?1600306604,28.45,14870134132,10,28604256613.0,380102776,30.36,28.53,-1.388601286744,-4.65338,-602640877.4114685,-3.89485,519857388.1320768,1000000000.0,1000000000.0,44.92,-36.12811,2021-05-03T05:25:04.822Z,1.03,2684.97628,2020-09-17T01:20:38.214Z,,2021-08-15T17:17:52.800Z
10,solana,sol,Solana,https://assets.coingecko.com/coins/images/4128/large/coinmarketcap-solana-200.png?1616489452,49.12,14144302031,11,24140607518.0,737602212,49.45,43.27,5.14,11.68638,1544820153.0,12.26098,286295153.853395,488630611.0,488630611.0,58.03,-14.81096,2021-05-18T16:59:08.690Z,0.500801,9771.86986,2020-05-11T19:35:23.449Z,,2021-08-15T17:18:06.679Z
11,bitcoin-cash,bch,Bitcoin Cash,https://assets.coingecko.com/coins/images/780/large/bitcoin-cash-circle.png?1594689492,678.66,12819550002,12,14305542564.0,4586935681,708.38,663.47,7.97,1.18826,202724745.0,1.60678,18818618.6467892,21000000.0,21000000.0,3785.82,-81.91914,2017-12-20T00:00:00.000Z,76.93,789.72597,2018-12-16T00:00:00.000Z,,2021-08-15T17:17:37.404Z
12,binance-usd,busd,Binance USD,https://assets.coingecko.com/coins/images/9576/large/BUSD.png?1568947766,0.997629,12019972948,13,,3887083908,1.01,0.992805,-0.002476923287,-0.24767,12806162.0,0.10665,12047405938.99,12047405938.99,,1.15,-13.39962,2020-03-13T02:35:42.953Z,0.901127,10.92164,2021-05-19T13:04:37.445Z,,2021-08-15T17:17:42.186Z
13,litecoin,ltc,Litecoin,https://assets.coingecko.com/coins/images/2/large/litecoin.png?1547033580,177.61,11906754915,14,,2490998990,185.64,176.55,-4.149764160046,-2.28308,-189604694.62503815,-1.56745,66752614.5153875,84000000.0,,410.26,-56.21608,2021-05-10T03:13:07.904Z,1.15,15535.55117,2015-01-14T00:00:00.000Z,,2021-08-15T17:18:07.639Z
14,chainlink,link,Chainlink,https://assets.coingecko.com/coins/images/877/large/chainlink-new-logo.png?1547034700,25.97,11615771852,15,26043773614.0,865926262,27.51,26.04,-1.178726952621,-4.34141,-521083279.87934685,-4.2934,446009553.9174637,1000000000.0,1000000000.0,52.7,-50.36515,2021-05-10T00:13:57.214Z,0.148183,17551.0416,2017-11-29T00:00:00.000Z,,2021-08-15T17:17:38.871Z
15,ethereum-classic,etc,Ethereum Classic,https://assets.coingecko.com/coins/images/453/large/ethereum-classic-logo.png?1547034169,73.06,9432482248,16,,6118054671,75.3,65.09,6.78,10.22598,826905524.0,9.60895,128953311.887614,210700000.0,,167.09,-55.93514,2021-05-06T18:34:22.133Z,0.615038,11870.95625,2016-07-25T00:00:00.000Z,"{'times': 161.35454768506892, 'currency': 'usd', 'percentage': 16135.454768506894}",2021-08-15T17:17:32.214Z
16,matic-network,matic,Polygon,https://assets.coingecko.com/coins/images/4713/large/matic-token-icon.png?1624446912,1.41,9127326440,17,14132101464.0,797911302,1.47,1.38,-0.041237459521,-2.84537,-233737108.33802414,-2.49691,6458576924.0,10000000000.0,10000000000.0,2.62,-45.85589,2021-05-18T19:38:18.813Z,0.00314376,45030.86988,2019-05-10T00:00:00.000Z,"{'times': 534.3788596289806, 'currency': 'usd', 'percentage': 53437.885962898064}",2021-08-15T17:17:44.943Z
17,wrapped-bitcoin,wbtc,Wrapped Bitcoin,https://assets.coingecko.com/coins/images/7598/large/wrapped_bitcoin_wbtc.png?1548822744,45743.0,8938401476,18,8938401476.0,241513209,47378.0,45643.0,-1100.109267713117,-2.3485,-196492732.75847626,-2.15101,195023.05983435,195023.05983435,195023.05983435,64565.0,-28.74245,2021-04-14T12:00:05.340Z,3139.17,1365.59621,2019-04-02T00:00:00.000Z,,2021-08-15T17:18:06.299Z
18,stellar,xlm,Stellar,https://assets.coingecko.com/coins/images/100/large/Stellar_symbol_black_RGB.png?1552356157,0.378177,8920682515,19,18969533802.0,1342606040,0.401008,0.366066,0.0033129,0.88376,36992812.0,0.41641,23514031157.9948,50001802900.4445,50001802900.4445,0.875563,-56.58745,2018-01-03T00:00:00.000Z,0.00047612,79733.13044,2015-03-05T00:00:00.000Z,,2021-08-15T17:17:39.066Z
19,vechain,vet,VeChain,https://assets.coingecko.com/coins/images/1167/large/VeChain-Logo-768x725.png?1547035194,0.131451,8819933117,20,,1229807794,0.135674,0.125571,0.00113414,0.87029,125331928.0,1.44149,66760741299.0,86712634466.0,,0.280991,-52.56849,2021-04-19T01:08:21.675Z,0.00191713,6851.95861,2020-03-13T02:29:59.652Z,"{'times': 13.724430361527004, 'currency': 'eth', 'percentage': 1372.4430361527004}",2021-08-15T17:17:51.694Z
20,internet-computer,icp,Internet Computer,https://assets.coingecko.com/coins/images/14495/large/Internet_Computer_logo.png?1620703073,58.86,8132465000,21,27873528086.0,411303378,65.16,59.29,-4.686013165011,-7.3746,-555937416.2548208,-6.39861,136899213.55,469213710.0,469213710.0,700.65,-91.38076,2021-05-10T16:05:53.653Z,27.44,120.11031,2021-07-20T10:14:50.919Z,,2021-08-15T17:18:00.361Z
21,terra-luna,luna,Terra,https://assets.coingecko.com/coins/images/8284/large/luna1557227471663.png?1567147072,17.22,7093866548,22,,211582210,17.43,16.56,-0.038992073692,-0.22597,-12185068.296103477,-0.17147,411783541.674433,996570056.993885,,22.36,-23.25301,2021-03-21T11:59:15.174Z,0.121798,13987.52749,2020-03-18T17:03:01.083Z,,2021-08-15T17:18:09.168Z
22,theta-token,theta,Theta Network,https://assets.coingecko.com/coins/images/2538/large/theta-token-logo.png?1548387191,7.04,7024588844,23,,330988223,7.39,7.01,-0.170112510838,-2.35891,-201787809.6680088,-2.79238,1000000000.0,1000000000.0,,15.72,-55.16196,2021-04-16T13:15:11.190Z,0.04039979,17346.65523,2020-03-13T02:24:16.483Z,"{'times': 45.94244471322736, 'currency': 'usd', 'percentage': 4594.244471322736}",2021-08-15T17:17:47.878Z
23,filecoin,fil,Filecoin,https://assets.coingecko.com/coins/images/12817/large/filecoin.png?1602753933,70.21,6802054437,24,139067005941.0,625275120,74.47,70.38,-2.483066580645,-3.41576,-186463397.76871204,-2.66814,96483122.0,1972583287.0,1972583287.0,236.84,-70.04021,2021-04-01T13:29:41.564Z,20.06,253.73027,2020-12-29T22:32:28.483Z,,2021-08-15T17:18:04.678Z
24,tron,trx,TRON,https://assets.coingecko.com/coins/images/1094/large/tron-logo.png?1547035066,0.089565,6436116718,25,,1409137689,0.094383,0.089794,-0.001402510846,-1.54177,-100394945.74155426,-1.53591,71660220128.0,100850743812.0,,0.231673,-61.05221,2018-01-05T00:00:00.000Z,0.00180434,4900.79513,2017-11-12T00:00:00.000Z,"{'times': 46.13957435084896, 'currency': 'usd', 'percentage': 4613.957435084896}",2021-08-15T17:17:35.738Z
25,okb,okb,OKB,https://assets.coingecko.com/coins/images/4463/large/okb_token.png?1548386209,21.84,5854795387,26,,512670584,23.11,21.87,-0.79172168182,-3.49886,-192074588.62988853,-3.17643,267436117.72,300000000.0,,44.01,-50.24923,2021-05-03T01:03:16.108Z,0.580608,3670.69854,2019-01-14T00:00:00.000Z,,2021-08-15T17:18:10.422Z
26,dai,dai,Dai,https://assets.coingecko.com/coins/images/9956/large/dai-multi-collateral-mcd.png?1574218774,0.99944,5707730866,27,5707730866.0,321876064,1.01,0.995454,-0.001006931211,-0.10065,17532649.0,0.30812,5710929372.87637,5710929372.87637,5710929372.87637,1.22,-17.88878,2020-03-13T03:02:50.373Z,0.903243,10.80945,2019-11-25T00:04:18.137Z,,2021-08-15T17:06:11.944Z
27,aave,aave,Aave,https://assets.coingecko.com/coins/images/12645/large/AAVE.png?1601374110,392.64,5103534526,28,6305892131.0,234835091,415.9,393.54,-20.368950032626,-4.93183,-243686764.4591303,-4.55726,12949246.628103152,16000000.0,16000000.0,661.69,-39.96268,2021-05-18T21:19:59.514Z,26.02,1426.56776,2020-11-05T09:20:11.928Z,,2021-08-15T17:17:43.783Z
28,ftx-token,ftt,FTX Token,https://assets.coingecko.com/coins/images/9026/large/F.png?1609051564,47.69,5077644996,29,16109583349.0,164254520,50.7,46.92,0.355978,0.75211,47576783.0,0.94585,106262621.01874323,337133957.085971,337133957.085971,63.12,-23.86839,2021-05-12T03:59:29.290Z,1.15,4079.47351,2019-09-06T00:00:00.000Z,,2021-08-15T17:17:56.887Z
29,eos,eos,EOS,https://assets.coingecko.com/coins/images/738/large/eos-eos-logo.png?1547034481,5.23,5036542747,30,,2038909717,5.56,5.19,-0.09003982748,-1.69365,-95705793.46608257,-1.86479,962390983.7977,,,22.71,-76.83495,2018-04-29T07:50:33.540Z,0.5024,947.18908,2017-10-23T00:00:00.000Z,"{'times': 4.27905694900237, 'currency': 'usd', 'percentage': 427.905694900237}",2021-08-15T17:17:37.956Z
30,compound-usd-coin,cusdc,cUSDC,https://assets.coingecko.com/coins/images/9442/large/Compound_USDC.png?1567581577,0.02211415,4959458896,31,,1738806,0.02223405,0.02198091,-8.877407e-06,-0.04013,108448707.0,2.23559,223822566267.721,223822566267.721,,0.058843,-62.43027,2020-10-21T11:24:27.820Z,0.00620705,256.16434,2021-03-04T08:11:37.438Z,,2021-08-15T17:13:33.826Z
31,compound-ether,ceth,cETH,https://assets.coingecko.com/coins/images/10643/large/ceth2.JPG?1581389598,62.81,4871062573,32,,11119035,65.92,63.1,-2.440801145317,-3.74092,-178927337.29325867,-3.54312,77155947.3121017,77155947.3121017,,87.15,-27.33811,2021-05-12T14:49:23.076Z,1.89,3256.95411,2020-03-13T02:22:33.711Z,,2021-08-15T17:13:34.486Z
32,monero,xmr,Monero,https://assets.coingecko.com/coins/images/69/large/monero_logo.png?1547033729,264.34,4756564396,33,,187466766,274.98,262.04,-7.182523558785,-2.64532,-130807182.05319309,-2.67643,17973712.923862,,,542.33,-51.10099,2018-01-09T00:00:00.000Z,0.216177,122573.64607,2015-01-14T00:00:00.000Z,,2021-08-15T17:18:09.604Z
33,cdai,cdai,cDAI,https://assets.coingecko.com/coins/images/9281/large/cDAI.png?1576467585,0.02160695,4498543651,34,,70557,0.02180444,0.02145235,1.84e-05,0.08522,16256045.0,0.36267,208198960888.955,208198960888.955,,0.03159087,-31.68875,2020-10-12T21:29:00.007Z,0.00728854,196.08266,2020-03-18T04:29:40.819Z,,2021-08-15T17:13:34.190Z
34,klay-token,klay,Klaytn,https://assets.coingecko.com/coins/images/9672/large/CjbT82vP_400x400.jpg?1570548320,1.73,4318858825,35,,64196808,1.86,1.7,-0.01514959483,-0.86669,-45651536.170825005,-1.04597,2495654600.2,,,4.34,-59.82422,2021-03-30T03:44:28.828Z,0.06044,2784.1895,2020-04-29T08:19:34.574Z,,2021-08-15T17:18:04.426Z
35,pancakeswap-token,cake,PancakeSwap,https://assets.coingecko.com/coins/images/12632/large/IMG_0440.PNG?1602654093,20.21,4249778881,36,,152140039,20.78,19.96,-0.444366446107,-2.1512,-75994470.73236895,-1.75678,210066870.282807,,,43.96,-53.89417,2021-04-30T10:08:22.934Z,0.194441,10324.90885,2020-11-03T14:29:34.165Z,,2021-08-15T17:17:32.443Z
36,cosmos,atom,Cosmos,https://assets.coingecko.com/coins/images/1481/large/cosmos_hub.png?1555657960,15.0,4177757883,37,,208520476,15.89,14.85,-0.099132369603,-0.65648,-7643861.786020279,-0.18263,277575504.841111,,,31.7,-52.1838,2021-05-07T16:18:33.469Z,1.16,1206.71497,2020-03-13T02:27:44.591Z,"{'times': 149.0134545943172, 'currency': 'usd', 'percentage': 14901.34545943172}",2021-08-15T17:17:53.600Z
37,the-graph,grt,The Graph,https://assets.coingecko.com/coins/images/13397/large/Graph_Token.png?1608145566,0.859615,4062669850,38,8615135664.0,170593426,0.914491,0.847243,-0.033717270067,-3.77432,-143616036.83387423,-3.41432,4715735200.0,10000000000.0,10000000000.0,2.84,-69.45142,2021-02-12T07:28:45.775Z,0.103254,740.68102,2020-12-17T21:28:41.332Z,,2021-08-15T17:17:40.247Z
38,shiba-inu,shib,Shiba Inu,https://assets.coingecko.com/coins/images/11939/large/shiba.png?1622619446,7.93e-06,3965972481,39,,340568034,8.32e-06,7.87e-06,-1.53067e-07,-1.89289,-57716831.27514362,-1.43443,497730966630395.75,1000000000000000.0,,3.791e-05,-78.92494,2021-05-10T22:53:42.945Z,5.6e-11,14174998.91081,2020-11-28T11:26:25.838Z,,2021-08-15T17:18:01.887Z
39,neo,neo,NEO,https://assets.coingecko.com/coins/images/480/large/NEO_512_512.png?1594357361,53.68,3798168012,40,,551680341,55.9,53.03,-1.125582664978,-2.05381,-80346864.7982893,-2.07159,70530000.0,100000000.0,,198.38,-72.69001,2018-01-15T00:00:00.000Z,0.078349,69049.14409,2016-10-21T00:00:00.000Z,"{'times': 1490.0817829821228, 'currency': 'usd', 'percentage': 149008.17829821227}",2021-08-15T17:18:01.417Z
40,axie-infinity,axs,Axie Infinity,https://assets.coingecko.com/coins/images/13029/large/axie_infinity_logo.png?1604471082,65.15,3754395707,41,17659402827.0,443946450,68.42,64.23,-2.446797125265,-3.61973,-125629536.45336533,-3.23785,57402101.91691623,270000000.0,270000000.0,75.73,-13.77902,2021-08-11T06:30:15.701Z,0.123718,52679.32692,2020-11-06T08:05:43.662Z,,2021-08-15T17:17:52.979Z
41,crypto-com-chain,cro,Crypto.com Coin,https://assets.coingecko.com/coins/images/7310/large/cypto.png?1547043960,0.14759,3741974947,42,,34555342,0.150658,0.145531,-0.000922679905,-0.62128,-16621470.175039291,-0.44223,25263013692.0,30263013692.0,,0.27702,-46.31172,2021-02-22T11:33:57.751Z,0.0121196,1127.16342,2019-02-08T00:00:00.000Z,,2021-08-15T17:17:12.831Z
42,maker,mkr,Maker,https://assets.coingecko.com/coins/images/1364/large/Mark_Maker.png?1585191826,3640.78,3288170402,43,3668554719.0,129844042,3892.48,3632.98,-217.619136228135,-5.64014,-207011163.85643578,-5.92276,901310.9472893132,991328.381954929,1005577.0,6292.31,-41.68307,2021-05-03T21:54:29.333Z,168.36,2079.57815,2020-03-16T20:52:36.527Z,,2021-08-15T17:17:56.806Z
43,iota,miota,IOTA,https://assets.coingecko.com/coins/images/692/large/IOTA_Swirl.png?1604238557,1.11,3093817109,44,,55880235,1.17,1.1,-0.024437777375,-2.15265,-73848369.06649065,-2.33132,2779530283.277761,2779530283.0,,5.25,-78.61918,2017-12-19T00:00:00.000Z,0.081637,1274.65481,2020-03-13T02:22:41.168Z,"{'times': 17.084755173038342, 'currency': 'btc', 'percentage': 1708.4755173038343}",2021-08-15T17:18:11.417Z
44,bitcoin-cash-sv,bsv,Bitcoin SV,https://assets.coingecko.com/coins/images/6799/large/BSV.png?1558947902,162.63,3067498230,45,,411996244,171.51,161.26,-1.06972383035,-0.65345,281724.0,0.00919,18815601.644239,21000000.0,,489.75,-66.49368,2021-04-16T17:09:04.630Z,42.02,290.54738,2018-11-23T00:00:00.000Z,,2021-08-15T17:17:51.396Z
45,bittorrent-2,btt,BitTorrent,https://assets.coingecko.com/coins/images/7595/large/BTT_Token_Graphic.png?1555066995,0.00463954,3064359571,46,,522131548,0.00487471,0.00462138,-0.00014746315,-3.08049,-98157429.18378162,-3.10378,659071882049.0,990000000000.0,,0.01356626,-65.57174,2021-04-05T04:09:06.433Z,0.00013814,3281.01347,2020-03-13T02:22:57.629Z,"{'times': 37.6628250061611, 'currency': 'usd', 'percentage': 3766.28250061611}",2021-08-15T17:18:09.048Z
46,algorand,algo,Algorand,https://assets.coingecko.com/coins/images/4380/large/download.png?1547039725,0.938123,3054423723,47,9397064896.0,158673853,0.984555,0.921334,-0.002213723111,-0.23542,-6282626.1198682785,-0.20527,3250401861.17367,10000000000.0,10000000000.0,3.56,-73.3736,2019-06-20T14:51:19.480Z,0.105336,800.17816,2020-03-13T02:20:48.438Z,"{'times': -0.6091152900875015, 'currency': 'usd', 'percentage': -60.91152900875015}",2021-08-15T17:18:03.550Z
47,avalanche-2,AVAX,Avalanche,https://assets.coingecko.com/coins/images/12559/large/coin-round-red.png?1604021818,17.39,3022604151,48,12538282010.0,73084359,18.29,17.21,-0.582237714655,-3.24017,-98846748.88653517,-3.16669,173570429.081201,377752194.4695483,720000000.0,59.4,-70.5519,2021-02-10T22:23:34.616Z,2.8,524.51952,2020-12-31T13:15:21.540Z,,2021-08-15T17:17:56.469Z
48,tezos,xtz,Tezos,https://assets.coingecko.com/coins/images/976/large/Tezos-logo.png?1547034862,3.58,3020336877,49,,163239024,3.75,3.57,-0.060453769711,-1.65852,-51164912.77723217,-1.66579,841322162.406424,,,8.27,-56.41198,2021-05-07T02:09:26.683Z,0.350476,928.05814,2018-12-07T00:00:00.000Z,"{'times': 6.6267723154182425, 'currency': 'usd', 'percentage': 662.6772315418242}",2021-08-15T17:18:01.076Z
49,amp-token,amp,Amp,https://assets.coingecko.com/coins/images/12409/large/amp-200x200.png?1599625397,0.060104,2896567333,50,5986020639.0,27360283,0.061978,0.060102,-0.000925423914,-1.51636,-35066176.09977913,-1.19613,48013928909.1577,99226354009.8232,99225164238.50153,0.120813,-50.05479,2021-06-16T16:03:41.147Z,0.00250501,2308.77505,2020-11-04T13:18:12.191Z,,2021-08-15T17:18:03.870Z
50,leo-token,leo,LEO Token,https://assets.coingecko.com/coins/images/8418/large/leo-token.png?1558326215,2.96,2811364869,51,,3565037,3.0,2.95,-0.027313029939,-0.9134,-24154029.149052143,-0.85184,948068840.9,985239504.0,,3.95,-24.67995,2021-05-14T13:54:31.192Z,0.799859,271.49938,2019-12-24T15:14:35.376Z,,2021-08-15T17:18:09.741Z
51,elrond-erd-2,egld,Elrond,https://assets.coingecko.com/coins/images/12335/large/elrond3_360.png?1626341589,132.25,2593317495,52,,54906093,139.91,132.4,-6.150292169502,-4.44377,-119125852.05035639,-4.39183,19585209.0,20397843.0,,243.92,-45.46097,2021-04-12T02:24:35.343Z,6.51,1944.56082,2020-10-07T01:44:53.554Z,,2021-08-15T17:17:53.087Z
52,celsius-degree-token,cel,Celsius Network,https://assets.coingecko.com/coins/images/3263/large/CEL_logo.png?1609598753,5.98,2543703781,53,,5934083,6.23,5.99,-0.126401975374,-2.06848,-47217483.3182168,-1.82242,423415980.3475,695658160.9671,,8.05,-25.14994,2021-06-04T00:04:12.584Z,0.02620268,22886.90618,2018-12-07T00:00:00.000Z,"{'times': 18.948182120978466, 'currency': 'usd', 'percentage': 1894.8182120978468}",2021-08-15T17:18:01.883Z
53,staked-ether,steth,Lido Staked Ether,https://assets.coingecko.com/coins/images/13442/large/steth_logo.png?1608607546,3140.3,2526038919,54,2526038919.0,3445486,3281.87,3142.64,-112.61022783538,-3.46184,-903724.2900013924,-0.03576,804395.411946935,804395.411946935,804395.411946935,4309.29,-26.96796,2021-05-12T09:57:17.253Z,482.9,551.72665,2020-12-22T04:08:21.854Z,,2021-08-15T17:12:44.749Z
54,compound-governance-token,comp,Compound,https://assets.coingecko.com/coins/images/10775/large/COMP.png?1592625425,463.33,2508360800,55,4644386166.0,190565598,479.75,451.88,-6.610669301175,-1.40671,-29481587.459077835,-1.16168,5400844.610974923,10000000.0,10000000.0,910.54,-48.70519,2021-05-12T02:29:08.794Z,61.32,661.65439,2020-06-18T12:54:32.788Z,,2021-08-15T17:18:00.921Z
55,waves,waves,Waves,https://assets.coingecko.com/coins/images/425/large/waves.png?1548386117,24.44,2448923756,56,,436514610,27.29,24.22,-1.736222525393,-6.63183,-160766268.67121792,-6.16036,100000000.0,100000000.0,,43.01,-42.94873,2021-05-04T06:49:41.528Z,0.130878,18650.2314,2016-08-02T00:00:00.000Z,"{'times': 129.02081232223856, 'currency': 'usd', 'percentage': 12902.081232223856}",2021-08-15T17:17:39.520Z
56,kusama,ksm,Kusama,https://assets.coingecko.com/coins/images/9568/large/m4zRhP5e_400x400.jpg?1576190080,262.22,2364309679,57,2632832804.0,138959179,277.32,261.5,-9.721885130818,-3.57505,-77639645.39422321,-3.17941,8980098.074112339,10000000.0,10000000.0,621.71,-57.42828,2021-05-18T05:04:41.858Z,0.876572,30093.80542,2020-01-14T19:20:20.768Z,,2021-08-15T17:18:05.393Z
57,hedera-hashgraph,hbar,Hedera Hashgraph,https://assets.coingecko.com/coins/images/3688/large/mqTDGK7Q.png?1566256777,0.243172,2263346958,58,,212553613,0.273155,0.24166,-0.010030261968,-3.96137,-81759110.32864618,-3.48637,9294751161.0,50000000000.0,,0.448365,-45.46748,2021-03-15T01:53:34.974Z,0.00986111,2379.4853,2020-01-02T17:30:24.852Z,,2021-08-15T17:17:59.760Z
58,sushi,sushi,Sushi,https://assets.coingecko.com/coins/images/12271/large/512x512_Logo_no_chop.png?1606986688,11.59,2244603322,59,2910695557.0,263190282,12.31,11.57,-0.481197999741,-3.98717,-79312754.85400438,-3.41289,192789255.8554817,231380454.141284,250000000.0,23.38,-49.81983,2021-03-13T23:44:36.774Z,0.475381,2367.56597,2020-11-04T14:53:53.560Z,,2021-08-15T17:18:00.810Z
59,decred,dcr,Decred,https://assets.coingecko.com/coins/images/329/large/decred.png?1547034093,167.09,2219991397,60,,18252857,172.6,165.88,-1.767725989701,-1.04687,-6606248.406569004,-0.2967,13217612.6912501,21000000.0,,247.35,-31.90125,2021-04-17T00:41:14.790Z,0.43154,38933.01883,2016-12-26T00:00:00.000Z,,2021-08-15T17:18:10.006Z
60,huobi-token,ht,Huobi Token,https://assets.coingecko.com/coins/images/2822/large/huobi-token-logo.png?1547036992,13.15,2180677204,61,6587597513.0,854343287,13.68,12.99,-0.147372949602,-1.10827,-50996344.31273556,-2.28512,165513846.25441208,500000000.0,500000000.0,39.66,-66.67523,2021-05-12T14:42:21.586Z,0.90862,1354.60858,2019-01-30T00:00:00.000Z,"{'times': 12.283019791040717, 'currency': 'usd', 'percentage': 1228.3019791040717}",2021-08-15T17:17:50.817Z
61,thorchain,rune,THORChain,https://assets.coingecko.com/coins/images/6595/large/RUNE.png?1614160507,8.06,2138296129,62,4031922605.0,187127209,8.73,7.48,0.334968,4.33682,112123377.0,5.53375,265170780.59540513,500000000.0,500000000.0,20.87,-61.12901,2021-05-19T00:30:09.436Z,0.00851264,95186.91491,2019-09-28T00:00:00.000Z,"{'times': 211.07282427833564, 'currency': 'usd', 'percentage': 21107.282427833565}",2021-08-15T17:17:48.426Z
62,dash,dash,Dash,https://assets.coingecko.com/coins/images/19/large/dash-logo.png?1548385930,204.46,2106152779,63,,432312273,209.19,192.3,7.78,3.95548,78857740.0,3.8898,10281875.1070402,18920000.0,,1493.59,-86.22699,2017-12-20T00:00:00.000Z,0.213899,96072.69971,2014-02-14T00:00:00.000Z,,2021-08-15T17:18:03.164Z
63,terrausd,ust,TerraUSD,https://assets.coingecko.com/coins/images/12681/large/UST.png?1601612407,1.0,2106131013,64,,39788850,1.01,0.995293,-0.002760637109,-0.27505,-2826155.6418926716,-0.13401,2101733625.80028,2101544514.77054,,1.09,-8.24778,2021-01-11T22:30:57.984Z,0.857992,16.76668,2021-05-19T13:14:26.898Z,,2021-08-15T17:18:08.074Z
64,havven,snx,Synthetix Network Token,https://assets.coingecko.com/coins/images/3406/large/SNX.png?1598631139,12.16,2068568494,65,2831465680.0,159050894,13.28,12.05,-0.352029250057,-2.81345,-58454233.65079689,-2.74817,169499808.45095563,232012085.500648,232012085.500648,28.53,-57.01886,2021-02-14T01:12:38.505Z,0.0347864,35153.72383,2019-01-06T00:00:00.000Z,"{'times': 23.32066545051494, 'currency': 'usd', 'percentage': 2332.066545051494}",2021-08-15T17:17:59.733Z
65,holotoken,hot,Holo,https://assets.coingecko.com/coins/images/3348/large/Holologo_Profile.png?1547037966,0.01136618,2020385824,66,,208615670,0.01207795,0.01120948,-0.000445048519,-3.76801,-81188814.16771197,-3.86324,177619433541.141,177619433541.141,,0.03126682,-63.46221,2021-04-05T16:04:52.608Z,0.0002202,5088.13085,2020-03-13T02:23:01.612Z,"{'times': 15.044743360294405, 'currency': 'eth', 'percentage': 1504.4743360294403}",2021-08-15T17:17:52.448Z
66,quant-network,qnt,Quant,https://assets.coingecko.com/coins/images/3370/large/5ZOu7brX_400x400.jpg?1612437252,148.12,1926881557,67,2169949509.0,24830441,153.0,148.05,-4.146528782032,-2.72329,-51627518.125175,-2.60942,12975667.469289193,14612493.0,14612493.0,186.36,-19.96445,2021-08-02T00:49:26.991Z,0.215773,69024.30995,2018-08-23T00:00:00.000Z,"{'times': 19.383317351074417, 'currency': 'eth', 'percentage': 1938.3317351074415}",2021-08-15T17:17:54.798Z
67,chiliz,chz,Chiliz,https://assets.coingecko.com/coins/images/8834/large/Chiliz.png?1561970540,0.359574,1925609178,68,3202904039.0,267792805,0.373019,0.353803,-0.010432327069,-2.8195,-53641902.11061239,-2.71021,5344064580.0,8888888888.0,8888888888.0,0.878633,-58.82849,2021-03-13T08:04:21.200Z,0.00410887,8704.0314,2019-09-28T00:00:00.000Z,"{'times': 15.344292633146923, 'currency': 'usd', 'percentage': 1534.4292633146922}",2021-08-15T17:17:56.436Z
68,nem,xem,NEM,https://assets.coingecko.com/coins/images/242/large/NEM_Logo_256x256.png?1598687029,0.206867,1861516292,69,,119764543,0.216908,0.203329,0.00175506,0.85566,6880202.0,0.37097,8999999999.0,8999999999.0,,1.87,-88.88593,2018-01-07T00:00:00.000Z,8.482e-05,244746.57105,2015-09-05T00:00:00.000Z,,2021-08-15T17:17:51.822Z
69,huobi-btc,hbtc,Huobi BTC,https://assets.coingecko.com/coins/images/12407/large/Unknown-5.png?1599624896,46005.0,1835906997,70,1835906997.0,11547920,47515.0,45739.0,-908.40138916186,-1.93632,-37316241.089630604,-1.99209,39906.36705999,39906.36705999,39906.36705999,69325.0,-33.44451,2021-05-10T02:33:06.038Z,11209.02,311.6295,2020-10-12T03:56:16.768Z,,2021-08-15T17:12:43.805Z
70,theta-fuel,tfuel,Theta Fuel,https://assets.coingecko.com/coins/images/8029/large/1_0YusgngOrriVg4ZYx4wOFQ.png?1553483622,0.334326,1774728241,71,,60075834,0.348974,0.332635,-0.010038778087,-2.91516,-48942909.468001604,-2.68376,5301219200.0,5301200000.0,,0.68159,-50.55531,2021-06-09T06:50:55.818Z,0.00090804,37014.05369,2020-03-13T02:30:37.972Z,,2021-08-15T17:17:47.981Z
71,xdce-crowd-sale,xdc,XDC Network,https://assets.coingecko.com/coins/images/2912/large/xdc-logo.png?1589242157,0.136342,1671010561,72,,13179093,0.148689,0.130918,-0.004955340222,-3.50702,-88895225.41905737,-5.05114,12238141964.0,37599520715.0,,0.153464,-11.54199,2021-08-12T05:44:18.515Z,0.00039532,34239.71333,2019-07-22T00:00:00.000Z,"{'times': 4.793725484414291, 'currency': 'eth', 'percentage': 479.3725484414291}",2021-08-15T17:16:45.015Z
72,helium,hnt,Helium,https://assets.coingecko.com/coins/images/4284/large/Helium_HNT.png?1612620071,17.41,1636465428,73,3884745770.0,33690608,18.51,16.28,0.990972,6.03723,93443773.0,6.0559,93939684.0888967,223000000.0,223000000.0,22.31,-21.45351,2021-05-28T17:33:24.441Z,0.113248,15373.02884,2020-04-18T00:19:10.902Z,,2021-08-15T17:17:46.124Z
73,zcash,zec,Zcash,https://assets.coingecko.com/coins/images/486/large/circle-zcash-color.png?1547034197,142.21,1635148437,74,2994530399.0,311374409,148.35,139.13,-1.535638562796,-1.06828,-13113994.671016693,-0.79563,11466945.5950506,21000000.0,21000000.0,3191.93,-95.51943,2016-10-29T00:00:00.000Z,19.75,624.00042,2020-03-13T02:20:55.002Z,,2021-08-15T17:18:00.454Z
74,enjincoin,enj,Enjin Coin,https://assets.coingecko.com/coins/images/1102/large/enjin-coin-logo.png?1547035078,1.6,1501933217,75,1607495653.0,112310436,1.69,1.6,-0.068691714504,-4.10758,-63549231.75491238,-4.0594,934331121.3990188,1000000000.0,1000000000.0,3.94,-59.04217,2021-04-09T12:29:27.777Z,0.01865964,8554.41236,2017-11-12T00:00:00.000Z,,2021-08-15T17:17:34.061Z
75,blockstack,stx,Stacks,https://assets.coingecko.com/coins/images/2069/large/Stacks_logo_full.png?1604112510,1.38,1460237382,76,,26666006,1.44,1.36,-0.026133552888,-1.85465,-22741721.216434717,-1.53352,1052561461.68777,1818000000.0,,2.92,-52.31262,2021-04-05T13:34:27.931Z,0.04559639,2952.6527,2020-03-13T02:29:26.415Z,"{'times': 10.52459823462055, 'currency': 'usd', 'percentage': 1052.459823462055}",2021-08-15T17:17:56.914Z
76,qtum,qtum,Qtum,https://assets.coingecko.com/coins/images/684/large/qtum.png?1547034438,13.31,1384938124,77,,518637747,14.29,13.02,-0.690768189127,-4.93244,-69343173.06377387,-4.76821,103650122.0,107822406.0,,100.22,-86.61373,2018-01-06T00:00:00.000Z,0.783142,1613.13103,2020-03-13T02:22:57.149Z,"{'times': 43.37944466544313, 'currency': 'usd', 'percentage': 4337.944466544313}",2021-08-15T17:17:50.214Z
77,near,near,Near,https://assets.coingecko.com/coins/images/10365/large/near_icon.png?1601359077,3.1,1352883510,78,3112973641.0,64276134,3.27,3.05,-0.140029435011,-4.31783,-52854045.13729358,-3.75988,434595234.675505,1000000000.0,1000000000.0,7.56,-58.58386,2021-03-13T17:49:31.011Z,0.526762,494.20487,2020-11-04T16:09:15.137Z,,2021-08-15T17:17:58.206Z
78,yearn-finance,yfi,yearn.finance,https://assets.coingecko.com/coins/images/11849/large/yfi-192x192.png?1598325330,37778.0,1351379076,79,1389246891.0,241672333,40034.0,37878.0,-2091.954985110671,-5.24698,-66975472.34002805,-4.72205,35666.565457642,36666.0,36666.0,90787.0,-58.07113,2021-05-12T00:29:37.713Z,31.65,120189.93209,2020-07-18T12:26:27.150Z,,2021-08-15T17:17:47.587Z
79,ravencoin,rvn,Ravencoin,https://assets.coingecko.com/coins/images/3412/large/ravencoin.png?1548386057,0.142125,1349457450,80,,113882467,0.15133,0.140645,-0.008677200014,-5.75404,-72632364.93485999,-5.10744,9434780000.0,21000000000.0,,0.285218,-49.67096,2021-02-20T11:19:07.791Z,0.00893232,1507.05679,2020-03-13T02:30:00.004Z,,2021-08-15T17:18:12.816Z
80,zilliqa,zil,Zilliqa,https://assets.coingecko.com/coins/images/2687/large/Zilliqa-logo.png?1547036894,0.107593,1334523206,81,,112848624,0.112165,0.106062,-0.004572435194,-4.07652,-49840897.65890241,-3.60027,12362880669.072,21000000000.0,,0.255376,-57.61096,2021-05-06T17:33:45.940Z,0.00239616,4417.70288,2020-03-13T02:22:55.161Z,"{'times': 3.0708093228022184, 'currency': 'eth', 'percentage': 307.0809322802218}",2021-08-15T17:18:06.041Z
81,true-usd,tusd,TrueUSD,https://assets.coingecko.com/coins/images/3449/large/tusd.png?1618395665,0.996354,1289527661,82,,72050353,1.0,0.993618,-0.003815602477,-0.3815,-2640596.7929525375,-0.20435,1292970001.83638,1292970001.83638,,1.62,-38.21391,2018-08-26T20:41:09.375Z,0.88355,13.18159,2020-03-12T10:47:51.380Z,,2021-08-15T17:17:57.261Z
82,flow,flow,Flow,https://assets.coingecko.com/coins/images/13446/large/flow_logo.jpg?1608631239,22.48,1283044459,83,,85874614,23.44,22.28,-0.613541879801,-2.65635,-33258074.419215918,-2.52663,57064824.8232707,1368390492.48566,,42.4,-47.14343,2021-04-05T13:49:10.098Z,4.95,352.72084,2021-01-27T15:34:04.000Z,,2021-08-15T17:18:12.085Z
83,bitcoin-gold,btg,Bitcoin Gold,https://assets.coingecko.com/coins/images/1043/large/bitcoin-gold-logo.png?1547034978,69.11,1214674270,84,,225414096,72.6,62.59,5.9,9.34309,108913994.0,9.84969,17513924.0,21000000.0,,456.25,-84.75329,2017-12-20T00:00:00.000Z,4.25,1535.05497,2020-03-13T02:22:52.902Z,,2021-08-15T17:18:04.849Z
84,basic-attention-token,bat,Basic Attention Token,https://assets.coingecko.com/coins/images/677/large/basic-attention-token.png?1547034427,0.774391,1153048763,85,1161476449.0,123038574,0.797738,0.754166,0.00150268,0.19442,-1137753.011339426,-0.09858,1489115982.4473505,1500000000.0,1500000000.0,1.63,-52.28895,2021-04-09T19:03:22.356Z,0.072394,975.14934,2017-07-16T00:00:00.000Z,"{'times': 0.5861574191563284, 'currency': 'eth', 'percentage': 58.61574191563283}",2021-08-15T17:17:43.029Z
85,safemoon,safemoon,SafeMoon,https://assets.coingecko.com/coins/images/14362/large/174x174-white.png?1617174846,1.91e-06,1116125579,86,,8805599,2.08e-06,1.87e-06,-1.07893e-07,-5.34639,-63578342.317681074,-5.38935,578595904299450.0,1000000000000000.0,,1.094e-05,-82.32989,2021-05-11T20:32:53.513Z,4.436e-08,4259.20133,2021-03-14T19:51:56.741Z,,2021-08-15T17:17:51.065Z
86,telcoin,tel,Telcoin,https://assets.coingecko.com/coins/images/1899/large/tel.png?1547036203,0.01934784,1103431663,87,,7961928,0.02007433,0.01918686,-0.000230834347,-1.17901,-11821425.65875101,-1.05998,56969406904.06,100000000000.0,,0.064483,-69.81952,2021-05-11T00:32:24.043Z,6.474e-05,29962.28306,2020-03-13T02:24:47.992Z,"{'times': 18.34784328955566, 'currency': 'usd', 'percentage': 1834.784328955566}",2021-08-15T17:17:18.076Z
87,nexo,nexo,NEXO,https://assets.coingecko.com/coins/images/3695/large/nexo.png?1548086057,1.94,1092576654,88,1951029704.0,6614165,2.01,1.92,-0.060139062406,-3.01369,-23147093.40884471,-2.07463,560000010.0064,1000000000.0,1000000000.0,4.07,-51.90726,2021-05-12T14:37:47.535Z,0.04515276,4232.84305,2018-09-13T00:00:00.000Z,"{'times': 18.35386896951053, 'currency': 'usd', 'percentage': 1835.386896951053}",2021-08-15T17:17:55.528Z
88,decentraland,mana,Decentraland,https://assets.coingecko.com/coins/images/878/large/decentraland-mana.png?1550108745,0.809268,1077818196,89,1781606739.0,102765585,0.842923,0.805436,-0.01691401587,-2.04725,-19859916.187515497,-1.80927,1327372145.9864838,2194113227.32015,2194113227.32015,1.6,-48.9238,2021-05-07T15:54:15.763Z,0.00923681,8728.82909,2017-10-31T00:00:00.000Z,"{'times': 39.46341260806825, 'currency': 'usd', 'percentage': 3946.341260806825}",2021-08-15T17:18:08.386Z
89,bitclout,clout,BitClout,https://assets.coingecko.com/coins/images/16310/large/k-h6Wead_400x400.jpg?1623726134,100.56,1059198235,90,1086978770.0,464981,101.84,99.25,0.452849,0.45236,-836960.8373752832,-0.07896,10532253.8854,10808492.6854,10808492.6854,198.68,-49.40784,2021-06-19T20:53:25.052Z,77.51,29.68229,2021-08-09T23:13:42.318Z,,2021-08-15T17:15:45.193Z
90,bitcoin-cash-abc-2,bcha,Bitcoin Cash ABC,https://assets.coingecko.com/coins/images/13120/large/Logo_final-21.png?1624892810,55.95,1055450620,91,,106080840,57.95,54.22,0.654942,1.18436,17665358.0,1.70222,18794058.3967894,21000000.0,,71.38,-21.44379,2021-08-06T08:52:10.407Z,9.21,508.85933,2020-11-15T18:28:32.658Z,,2021-08-15T17:17:10.113Z
91,harmony,one,Harmony,https://assets.coingecko.com/coins/images/4344/large/Y88JAze.png?1565065793,0.096961,1012288927,92,,37660764,0.099646,0.094991,-0.002183829584,-2.20266,-22808226.519104958,-2.20349,10436554889.7931,,,0.222092,-56.22559,2021-03-29T08:19:36.363Z,0.00127355,7533.73127,2020-03-13T02:24:14.005Z,"{'times': 29.53904688476994, 'currency': 'usd', 'percentage': 2953.904688476994}",2021-08-15T17:18:13.288Z
92,xsushi,xsushi,xSUSHI,https://assets.coingecko.com/coins/images/13725/large/xsushi.png?1612538526,13.69,982656802,93,,2149981,14.41,13.62,-0.480999443216,-3.39317,-37546864.794421434,-3.68033,71755588.0295897,71755588.0295897,,26.33,-47.61372,2021-03-13T23:01:02.266Z,6.04,128.32466,2021-01-22T01:04:22.350Z,,2021-08-15T17:15:50.810Z
93,digibyte,dgb,DigiByte,https://assets.coingecko.com/coins/images/63/large/digibyte.png?1547033717,0.066309,969493180,94,,30186369,0.069745,0.065836,-0.002412974499,-3.51123,-34520257.556816936,-3.43823,14581728232.9043,21000000000.0,,0.178084,-62.60975,2021-05-01T00:19:01.967Z,3.099e-05,214786.86687,2015-01-14T00:00:00.000Z,,2021-08-15T17:17:18.201Z
94,bancor,bnt,Bancor Network Token,https://assets.coingecko.com/coins/images/736/large/bancor-bnt.png?1628822309,4.08,949964350,95,949964350.0,51314157,4.27,4.09,-0.134335739838,-3.18739,-36606310.325454235,-3.71046,232348816.028932,232348816.028932,232348816.028932,10.72,-61.69903,2018-01-09T00:00:00.000Z,0.120935,3293.64801,2020-03-13T02:29:21.245Z,,2021-08-15T17:18:11.193Z
95,paxos-standard,pax,Paxos Standard,https://assets.coingecko.com/coins/images/6013/large/paxos_standard.png?1548386291,0.998208,941562618,96,,49736821,1.01,0.991608,-0.001287179341,-0.12878,3536174.0,0.37698,942491911.88,942491911.88,,1.13,-11.40377,2018-10-15T07:09:12.459Z,0.863529,15.69702,2021-05-19T13:14:42.046Z,"{'times': -0.0017916418794564, 'currency': 'usd', 'percentage': -0.17916418794564}",2021-08-15T17:17:51.296Z
96,ontology,ont,Ontology,https://assets.coingecko.com/coins/images/3447/large/ONT.png?1583481820,1.05,923666629,97,,145793790,1.09,1.03,-0.01841525309,-1.72714,-15098384.48776114,-1.60832,878027426.0,1000000000.0,,10.92,-90.31802,2018-05-03T01:43:05.844Z,0.23237,355.01223,2020-03-13T02:20:48.548Z,,2021-08-15T17:18:10.591Z
97,siacoin,sc,Siacoin,https://assets.coingecko.com/coins/images/289/large/siacoin.png?1548386465,0.01863286,906318831,98,,59741309,0.01950146,0.01830505,-0.000360599796,-1.89855,-20190775.478634477,-2.17923,48589515000.0,,,0.092868,-79.79513,2018-01-06T00:00:00.000Z,1.262e-05,148568.52554,2015-12-28T00:00:00.000Z,"{'times': 0.9352628967473052, 'currency': 'btc', 'percentage': 93.52628967473052}",2021-08-15T17:17:48.483Z
98,ethos,vgx,Voyager Token,https://assets.coingecko.com/coins/images/794/large/Voyager-vgx.png?1575693595,4.05,898830409,99,,3724645,4.25,4.0,-0.017856435969,-0.4386,-5356551.0123877525,-0.59242,222295208.238453,222295208.238453,,12.47,-67.49891,2018-01-06T00:00:00.000Z,0.01689847,23892.04485,2019-12-26T22:10:32.136Z,"{'times': 134.1139536790096, 'currency': 'usd', 'percentage': 13411.39536790096}",2021-08-15T17:14:08.897Z
99,kucoin-shares,kcs,KuCoin Token,https://assets.coingecko.com/coins/images/1047/large/sa9z79.png?1610678720,11.35,888213133,100,,13807239,11.9,11.16,-0.390753887586,-3.32954,-25220317.276133895,-2.76105,78068031.0,168068031.0,,20.17,-43.32941,2018-01-10T00:00:00.000Z,0.342863,3233.39636,2019-02-07T00:00:00.000Z,,2021-08-15T17:15:36.125Z
