,prices,market_caps,total_volumes
0,"[1597536000000, 11864.905810156475]","[1597536000000, 219049736823.3334]","[1597536000000, 21285690552.515503]"
1,"[1597622400000, 11901.776488302461]","[1597622400000, 219750735622.69547]","[1597622400000, 19209711614.40851]"
2,"[1597708800000, 12272.465808160425]","[1597708800000, 226536103501.8635]","[1597708800000, 25481896190.555748]"
3,"[1597795200000, 11949.610970628193]","[1597795200000, 220980135332.21396]","[1597795200000, 24825715158.705486]"
4,"[1597881600000, 11733.278970862082]","[1597881600000, 216660276172.5052]","[1597881600000, 23384200655.888924]"
5,"[1597968000000, 11861.83657727968]","[1597968000000, 219044968220.88754]","[1597968000000, 20353349054.591465]"
6,"[1598054400000, 11515.124298729217]","[1598054400000, 212896669545.7498]","[1598054400000, 23406354443.011192]"
7,"[1598140800000, 11676.385305081287]","[1598140800000, 215641597239.98148]","[1598140800000, 19572783953.57896]"
8,"[1598227200000, 11647.928120934363]","[1598227200000, 215347356765.4613]","[1598227200000, 18467219109.184135]"
9,"[1598313600000, 11758.828120368864]","[1598313600000, 217410678530.35837]","[1598313600000, 20061559392.103256]"
10,"[1598400000000, 11350.753473213]","[1598400000000, 209658632328.37]","[1598400000000, 23423332918.936924]"
11,"[1598486400000, 11465.002564032086]","[1598486400000, 211778947737.22385]","[1598486400000, 20869928785.800804]"
12,"[1598572800000, 11300.398363810944]","[1598572800000, 208747591910.15524]","[1598572800000, 21595917446.043972]"
13,"[1598659200000, 11519.118388160729]","[1598659200000, 212799723684.94672]","[1598659200000, 19271253870.82992]"
14,"[1598745600000, 11481.481823317012]","[1598745600000, 212114842611.5429]","[1598745600000, 18415439613.538937]"
15,"[1598832000000, 11701.004008657852]","[1598832000000, 216179629567.18042]","[1598832000000, 19909556666.601448]"
16,"[1598918400000, 11672.324104943627]","[1598918400000, 215921598551.33038]","[1598918400000, 21077276617.8664]"
17,"[1599004800000, 11895.225345345636]","[1599004800000, 221315690777.34525]","[1599004800000, 25232603061.53493]"
18,"[1599091200000, 11418.254756916149]","[1599091200000, 210746091569.71368]","[1599091200000, 26038738388.798878]"
19,"[1599177600000, 10197.459822768922]","[1599177600000, 188438095255.46017]","[1599177600000, 49411126240.51858]"
20,"[1599264000000, 10484.470392265588]","[1599264000000, 194040447575.93134]","[1599264000000, 27623487077.06882]"
21,"[1599350400000, 10177.789718049991]","[1599350400000, 188092098308.3525]","[1599350400000, 56430042198.69171]"
22,"[1599436800000, 10260.0177277544]","[1599436800000, 189621410257.03525]","[1599436800000, 28801019507.333485]"
23,"[1599523200000, 10359.445216989981]","[1599523200000, 191501904758.68698]","[1599523200000, 26560146962.23275]"
24,"[1599609600000, 10125.014956069688]","[1599609600000, 186825391248.7263]","[1599609600000, 47780699209.09236]"
25,"[1599696000000, 10230.154699360752]","[1599696000000, 188757938083.84296]","[1599696000000, 21357083446.312523]"
26,"[1599782400000, 10342.159391205681]","[1599782400000, 191180566587.0585]","[1599782400000, 77545788530.61436]"
27,"[1599868800000, 10378.223044584596]","[1599868800000, 192111562749.9339]","[1599868800000, 20796810115.947914]"
28,"[1599955200000, 10439.38467226404]","[1599955200000, 192997988416.4807]","[1599955200000, 19955498078.251053]"
29,"[1600041600000, 10328.866065987393]","[1600041600000, 190922719938.2308]","[1600041600000, 21057424433.480133]"
30,"[1600128000000, 10661.096235144483]","[1600128000000, 197010021430.2403]","[1600128000000, 23526143436.490395]"
31,"[1600214400000, 10787.58020807624]","[1600214400000, 199044338127.62628]","[1600214400000, 23802088944.396893]"
32,"[1600300800000, 10952.249969107099]","[1600300800000, 202524001250.4926]","[1600300800000, 24459086808.776905]"
33,"[1600387200000, 10937.996396960929]","[1600387200000, 202358479464.18542]","[1600387200000, 23547167125.342415]"
34,"[1600473600000, 10927.150310293275]","[1600473600000, 202091264904.96927]","[1600473600000, 20681771888.399273]"
35,"[1600560000000, 11083.99836119821]","[1600560000000, 204994315602.9869]","[1600560000000, 18334274060.30012]"
36,"[1600646400000, 10923.32666818137]","[1600646400000, 202032519471.26855]","[1600646400000, 20161733906.963223]"
37,"[1600732800000, 10439.522488792423]","[1600732800000, 193677795064.08533]","[1600732800000, 23757059692.357033]"
38,"[1600819200000, 10527.58784673943]","[1600819200000, 194731087415.28983]","[1600819200000, 19866578108.977962]"
39,"[1600905600000, 10223.784106392732]","[1600905600000, 189120580778.46335]","[1600905600000, 19981974722.351273]"
40,"[1600992000000, 10726.530083321983]","[1600992000000, 198514026300.17914]","[1600992000000, 21348447554.09249]"
41,"[1601078400000, 10681.993848113701]","[1601078400000, 197616950282.06653]","[1601078400000, 19119761059.475536]"
42,"[1601164800000, 10743.19287975935]","[1601164800000, 198687083452.04324]","[1601164800000, 16886146730.050009]"
43,"[1601251200000, 10765.300521660893]","[1601251200000, 199236216251.43555]","[1601251200000, 17639951627.948776]"
44,"[1601337600000, 10672.02854425897]","[1601337600000, 197720212770.89465]","[1601337600000, 19869963340.485493]"
45,"[1601424000000, 10837.516586513004]","[1601424000000, 200532996047.58585]","[1601424000000, 18308943800.639038]"
46,"[1601510400000, 10770.881347466415]","[1601510400000, 199310441688.83572]","[1601510400000, 18558607662.6852]"
47,"[1601596800000, 10627.976063963179]","[1601596800000, 196617081790.5188]","[1601596800000, 20889752499.95891]"
48,"[1601683200000, 10572.674843011133]","[1601683200000, 195660035179.73257]","[1601683200000, 21258724984.475838]"
49,"[1601769600000, 10546.65625537982]","[1601769600000, 195188285650.34625]","[1601769600000, 16039831144.937496]"
50,"[1601856000000, 10670.700811335208]","[1601856000000, 197494664453.7935]","[1601856000000, 16029160487.55924]"
51,"[1601942400000, 10784.94940309411]","[1601942400000, 199530129891.0881]","[1601942400000, 17853484006.269306]"
52,"[1602028800000, 10605.95779130622]","[1602028800000, 196314284797.01337]","[1602028800000, 19419734685.095844]"
53,"[1602115200000, 10668.011010796896]","[1602115200000, 197575523784.584]","[1602115200000, 17222472599.6063]"
54,"[1602201600000, 10888.666546835811]","[1602201600000, 201518932273.67853]","[1602201600000, 19767968267.462948]"
55,"[1602288000000, 11063.2523862591]","[1602288000000, 204809205392.17957]","[1602288000000, 19254933802.105747]"
56,"[1602374400000, 11286.541942043945]","[1602374400000, 209268690952.5854]","[1602374400000, 19496631246.27072]"
57,"[1602460800000, 11377.814876756858]","[1602460800000, 210799352797.1382]","[1602460800000, 16270141989.732687]"
58,"[1602547200000, 11543.183760771468]","[1602547200000, 213726225963.20517]","[1602547200000, 20957733313.86495]"
59,"[1602633600000, 11426.105544220427]","[1602633600000, 211576163357.66504]","[1602633600000, 19556025069.397404]"
60,"[1602720000000, 11435.57243757972]","[1602720000000, 211756280001.1405]","[1602720000000, 20441486195.023685]"
61,"[1602806400000, 11495.584995733887]","[1602806400000, 212878404236.874]","[1602806400000, 20511481706.663586]"
62,"[1602892800000, 11319.097785677623]","[1602892800000, 209993205751.02322]","[1602892800000, 20436703034.239178]"
63,"[1602979200000, 11365.814131026178]","[1602979200000, 210421523306.69058]","[1602979200000, 15650920221.099894]"
64,"[1603065600000, 11495.899975689872]","[1603065600000, 212752326976.49207]","[1603065600000, 15569792414.423223]"
65,"[1603152000000, 11752.146863919786]","[1603152000000, 217391050812.65872]","[1603152000000, 18121468516.27194]"
66,"[1603238400000, 11908.708923246453]","[1603238400000, 220404884318.97812]","[1603238400000, 21431994055.82887]"
67,"[1603324800000, 12806.435726727443]","[1603324800000, 236717318526.15692]","[1603324800000, 29314287990.069]"
68,"[1603411200000, 12951.044060038126]","[1603411200000, 240257678153.83536]","[1603411200000, 25070864646.764915]"
69,"[1603497600000, 12928.072296348406]","[1603497600000, 239590543523.72256]","[1603497600000, 21379873277.585674]"
70,"[1603584000000, 13106.04601925958]","[1603584000000, 242785151288.07916]","[1603584000000, 19302801174.758503]"
71,"[1603670400000, 13021.410842124118]","[1603670400000, 241326618198.73062]","[1603670400000, 18998745579.318]"
72,"[1603756800000, 13060.79221208406]","[1603756800000, 242141178089.60794]","[1603756800000, 21507619985.694366]"
73,"[1603843200000, 13655.185415883081]","[1603843200000, 253004886697.36078]","[1603843200000, 23918511528.069115]"
74,"[1603929600000, 13282.999348292438]","[1603929600000, 245661872194.44214]","[1603929600000, 26825856788.112816]"
75,"[1604016000000, 13441.878496031612]","[1604016000000, 249545455596.3296]","[1604016000000, 22860841953.831577]"
76,"[1604102400000, 13537.174271524887]","[1604102400000, 250845436637.92026]","[1604102400000, 23482756915.113663]"
77,"[1604188800000, 13778.637638352931]","[1604188800000, 255329261020.6163]","[1604188800000, 22691200479.405403]"
78,"[1604275200000, 13720.361465146289]","[1604275200000, 254260250527.50497]","[1604275200000, 19771957707.937115]"
79,"[1604361600000, 13558.361795524168]","[1604361600000, 251266177558.48047]","[1604361600000, 22630851230.49477]"
80,"[1604448000000, 13989.976358180447]","[1604448000000, 259277183164.55063]","[1604448000000, 22602862338.46403]"
81,"[1604534400000, 14101.716050813722]","[1604534400000, 261103557610.74826]","[1604534400000, 25857225138.46526]"
82,"[1604620800000, 15553.331701081443]","[1604620800000, 288118007577.42645]","[1604620800000, 36313255719.023285]"
83,"[1604707200000, 15548.312145063144]","[1604707200000, 288563189165.38806]","[1604707200000, 34523587704.57108]"
84,"[1604793600000, 14818.45891122149]","[1604793600000, 274687727889.983]","[1604793600000, 30369855794.73288]"
85,"[1604880000000, 15496.316149147417]","[1604880000000, 287116472704.3936]","[1604880000000, 24082570971.891495]"
86,"[1604966400000, 15335.342198178862]","[1604966400000, 284292217075.7686]","[1604966400000, 29501754042.78257]"
87,"[1605052800000, 15278.70965979927]","[1605052800000, 283242342238.5137]","[1605052800000, 21918753732.66584]"
88,"[1605139200000, 15686.905986213233]","[1605139200000, 291215273242.1888]","[1605139200000, 23990613793.268227]"
89,"[1605225600000, 16265.149252483357]","[1605225600000, 301529322417.4614]","[1605225600000, 28001128791.211353]"
90,"[1605312000000, 16326.81487507908]","[1605312000000, 302672502422.09]","[1605312000000, 24826304419.55837]"
91,"[1605398400000, 16095.561510630652]","[1605398400000, 298290647831.24426]","[1605398400000, 22096608221.167004]"
92,"[1605484800000, 15984.673784156614]","[1605484800000, 296277008765.18964]","[1605484800000, 19184714602.510406]"
93,"[1605571200000, 16714.40386322188]","[1605571200000, 309857769717.0289]","[1605571200000, 24606359052.384533]"
94,"[1605657600000, 17651.82042768171]","[1605657600000, 327448838765.29767]","[1605657600000, 31572384445.72333]"
95,"[1605744000000, 17829.934958345126]","[1605744000000, 330792375072.03064]","[1605744000000, 40089857655.31074]"
96,"[1605830400000, 17819.75743096837]","[1605830400000, 330526082018.5286]","[1605830400000, 30586797551.711708]"
97,"[1605916800000, 18628.813489036198]","[1605916800000, 345552251091.15924]","[1605916800000, 28731271104.013725]"
98,"[1606003200000, 18689.528655825852]","[1606003200000, 346623937352.1668]","[1606003200000, 31201880851.778336]"
99,"[1606089600000, 18390.61184379203]","[1606089600000, 342078349285.0962]","[1606089600000, 33010231293.95878]"
100,"[1606176000000, 18360.693300385865]","[1606176000000, 340635146714.39825]","[1606176000000, 33389683851.4282]"
101,"[1606262400000, 19091.524181728702]","[1606262400000, 354209935573.8031]","[1606262400000, 49429532567.3455]"
102,"[1606348800000, 18753.288921684914]","[1606348800000, 348158099247.1633]","[1606348800000, 32146102840.277466]"
103,"[1606435200000, 17138.029512395206]","[1606435200000, 317999016791.45123]","[1606435200000, 48738957776.520256]"
104,"[1606521600000, 17140.27555252362]","[1606521600000, 318057301370.37897]","[1606521600000, 30680336583.342796]"
105,"[1606608000000, 17718.972832629497]","[1606608000000, 328812520405.74207]","[1606608000000, 24501260966.046284]"
106,"[1606694400000, 18169.95420978285]","[1606694400000, 336495192223.0139]","[1606694400000, 23940328528.71234]"
107,"[1606780800000, 19609.52143957559]","[1606780800000, 363927715778.6875]","[1606780800000, 36160827241.441734]"
108,"[1606867200000, 18857.417371118165]","[1606867200000, 349587593227.14185]","[1606867200000, 38614628143.57325]"
109,"[1606953600000, 19208.398191994624]","[1606953600000, 356517705143.29443]","[1606953600000, 28923102074.82652]"
110,"[1607040000000, 19435.20484740911]","[1607040000000, 360661550057.2975]","[1607040000000, 24342606870.708958]"
111,"[1607126400000, 18711.226549886927]","[1607126400000, 347850442856.6359]","[1607126400000, 26369871383.262005]"
112,"[1607212800000, 19139.111575237486]","[1607212800000, 355244908734.6481]","[1607212800000, 23333284386.26552]"
113,"[1607299200000, 19325.55411859109]","[1607299200000, 358762118305.1145]","[1607299200000, 21832193872.698597]"
114,"[1607385600000, 19198.806493935343]","[1607385600000, 356587934226.10187]","[1607385600000, 22034483383.94943]"
115,"[1607472000000, 18336.514581297808]","[1607472000000, 340435142947.90857]","[1607472000000, 26799991795.55794]"
116,"[1607558400000, 18564.986455688137]","[1607558400000, 344693077429.9694]","[1607558400000, 29806757748.847992]"
117,"[1607644800000, 18262.058384653155]","[1607644800000, 339714540194.3479]","[1607644800000, 24092658533.60422]"
118,"[1607731200000, 18058.027339569555]","[1607731200000, 335310805699.2893]","[1607731200000, 26080197328.252396]"
119,"[1607817600000, 18807.09540322016]","[1607817600000, 349235537025.78625]","[1607817600000, 21918803313.730873]"
120,"[1607904000000, 19151.13442340493]","[1607904000000, 355642790361.31714]","[1607904000000, 23550581096.074562]"
121,"[1607990400000, 19259.97047153096]","[1607990400000, 357681110300.36426]","[1607990400000, 21638023119.81534]"
122,"[1608076800000, 19432.362456862407]","[1608076800000, 360542942204.959]","[1608076800000, 24173322660.107285]"
123,"[1608163200000, 21317.66213678684]","[1608163200000, 396179736655.63983]","[1608163200000, 39062639738.04841]"
124,"[1608249600000, 22805.65580598891]","[1608249600000, 423587689809.2768]","[1608249600000, 60693764158.56218]"
125,"[1608336000000, 23120.57055156752]","[1608336000000, 429459534590.4159]","[1608336000000, 37000188847.409645]"
126,"[1608422400000, 23863.85484171969]","[1608422400000, 443289431125.4617]","[1608422400000, 35252972899.69343]"
127,"[1608508800000, 23518.31842054723]","[1608508800000, 436893169132.7113]","[1608508800000, 32907758817.840942]"
128,"[1608595200000, 22840.991707188354]","[1608595200000, 424329939581.7774]","[1608595200000, 38423396405.393135]"
129,"[1608681600000, 23794.79330262859]","[1608681600000, 441752551013.19135]","[1608681600000, 38733771616.273865]"
130,"[1608768000000, 23308.12723217715]","[1608768000000, 433051601800.69293]","[1608768000000, 42917744239.8244]"
131,"[1608854400000, 23760.287048542956]","[1608854400000, 441614502954.16315]","[1608854400000, 36826373658.97133]"
132,"[1608940800000, 24671.107714415415]","[1608940800000, 458416319552.32434]","[1608940800000, 36622874229.82892]"
133,"[1609027200000, 26476.130137019492]","[1609027200000, 491978602969.93176]","[1609027200000, 41995154622.74047]"
134,"[1609113600000, 26423.22879190229]","[1609113600000, 493427450341.26013]","[1609113600000, 56654980595.93094]"
135,"[1609200000000, 27125.384120651503]","[1609200000000, 503712223153.6673]","[1609200000000, 42186521237.4668]"
136,"[1609286400000, 27424.538954606684]","[1609286400000, 509680257177.0481]","[1609286400000, 38081840205.60215]"
137,"[1609372800000, 28837.28852895899]","[1609372800000, 535967306917.84125]","[1609372800000, 43341140482.282166]"
138,"[1609459200000, 29022.41839530417]","[1609459200000, 539438036435.6701]","[1609459200000, 43503516563.294876]"
139,"[1609545600000, 29352.12679194895]","[1609545600000, 545593282215.2498]","[1609545600000, 34089717988.090446]"
140,"[1609632000000, 32163.824935335215]","[1609632000000, 597887713053.5825]","[1609632000000, 57273436641.22308]"
141,"[1609718400000, 33008.226203489285]","[1609718400000, 613616917625.6967]","[1609718400000, 178894068361.35312]"
142,"[1609804800000, 31515.575966658354]","[1609804800000, 585726270248.7891]","[1609804800000, 74657165356.22716]"
143,"[1609891200000, 34082.20604904424]","[1609891200000, 633651671519.3958]","[1609891200000, 67420500715.520256]"
144,"[1609977600000, 36933.520137309126]","[1609977600000, 682743683563.0741]","[1609977600000, 71027195897.95125]"
145,"[1610064000000, 39547.08408135567]","[1610064000000, 735339707368.3339]","[1610064000000, 78642959829.4919]"
146,"[1610150400000, 40815.96185478254]","[1610150400000, 758971014787.3597]","[1610150400000, 82846468856.35208]"
147,"[1610236800000, 40296.5290038294]","[1610236800000, 749347201462.6359]","[1610236800000, 55921808671.54423]"
148,"[1610323200000, 38397.895985418174]","[1610323200000, 714078952009.0243]","[1610323200000, 73381123612.69325]"
149,"[1610409600000, 35669.90668663349]","[1610409600000, 663380898829.0051]","[1610409600000, 111691569520.10521]"
150,"[1610496000000, 33938.33587810088]","[1610496000000, 629751630408.4126]","[1610496000000, 68954134557.3671]"
151,"[1610582400000, 37456.00772548642]","[1610582400000, 696668634091.3435]","[1610582400000, 65278944793.97605]"
152,"[1610668800000, 39232.74997140346]","[1610668800000, 729751433670.0881]","[1610668800000, 57519444621.68669]"
153,"[1610755200000, 36787.52121668496]","[1610755200000, 684304915288.2261]","[1610755200000, 63450740093.03335]"
154,"[1610841600000, 36254.713079410845]","[1610841600000, 674660879866.02]","[1610841600000, 55054325262.44017]"
155,"[1610928000000, 35804.263885674685]","[1610928000000, 672291934493.4396]","[1610928000000, 50749258739.19448]"
156,"[1611014400000, 36595.4647692826]","[1611014400000, 682647247200.097]","[1611014400000, 46769030146.76761]"
157,"[1611100800000, 36104.86385775514]","[1611100800000, 671734819189.1033]","[1611100800000, 51736994549.005974]"
158,"[1611187200000, 35587.489202735545]","[1611187200000, 662434464441.264]","[1611187200000, 58406615612.06859]"
159,"[1611273600000, 30913.695736053804]","[1611273600000, 575205510268.1292]","[1611273600000, 69415314297.66626]"
160,"[1611360000000, 32957.908782655926]","[1611360000000, 613271077002.4795]","[1611360000000, 69549742252.37038]"
161,"[1611446400000, 32068.08737440817]","[1611446400000, 596744391345.3533]","[1611446400000, 43575409684.64115]"
162,"[1611532800000, 32273.51735032927]","[1611532800000, 600595408892.1986]","[1611532800000, 42810544126.17814]"
163,"[1611619200000, 32375.320062981456]","[1611619200000, 602517850752.0305]","[1611619200000, 50410553261.414444]"
164,"[1611705600000, 32582.10944502123]","[1611705600000, 606573549809.8268]","[1611705600000, 48489676580.41073]"
165,"[1611792000000, 30445.52586511351]","[1611792000000, 566661443732.4073]","[1611792000000, 51514291052.43235]"
166,"[1611878400000, 33128.34752861149]","[1611878400000, 616625386428.2396]","[1611878400000, 51075972572.459564]"
167,"[1611964800000, 34150.81876737221]","[1611964800000, 635688668063.594]","[1611964800000, 97468515525.42249]"
168,"[1612051200000, 34199.51981036302]","[1612051200000, 636624676861.2642]","[1612051200000, 52001249491.10806]"
169,"[1612137600000, 33064.78676701507]","[1612137600000, 615013848827.3505]","[1612137600000, 42488649643.23183]"
170,"[1612224000000, 33405.99035714327]","[1612224000000, 621908231690.1377]","[1612224000000, 49268860242.66622]"
171,"[1612310400000, 35485.98593382442]","[1612310400000, 660664104637.4851]","[1612310400000, 50730704376.60918]"
172,"[1612396800000, 37494.71762460426]","[1612396800000, 695794870715.5251]","[1612396800000, 49762137494.206696]"
173,"[1612483200000, 36816.50808203406]","[1612483200000, 686453802173.3838]","[1612483200000, 54494811707.23047]"
174,"[1612569600000, 38007.83222908396]","[1612569600000, 706320162928.6615]","[1612569600000, 47446256481.71452]"
175,"[1612656000000, 39279.41286897885]","[1612656000000, 732453192636.7231]","[1612656000000, 57076868562.48764]"
176,"[1612742400000, 38833.34026455532]","[1612742400000, 723434796637.7434]","[1612742400000, 53802559038.8092]"
177,"[1612828800000, 46307.57412159395]","[1612828800000, 862413737410.9171]","[1612828800000, 86994225365.2278]"
178,"[1612915200000, 46569.56483]","[1612915200000, 867164581003.3563]","[1612915200000, 78828431117.05534]"
179,"[1613001600000, 44848.69344950499]","[1613001600000, 839561451461.0575]","[1613001600000, 70000356395.81508]"
180,"[1613088000000, 47815.96175554316]","[1613088000000, 890629045243.5952]","[1613088000000, 66187179918.887886]"
181,"[1613174400000, 47414.1862550079]","[1613174400000, 880620921496.0787]","[1613174400000, 61942185128.99905]"
182,"[1613260800000, 46941.29208582354]","[1613260800000, 874425017687.0778]","[1613260800000, 55312381649.33813]"
183,"[1613347200000, 48607.8745224845]","[1613347200000, 905515462576.995]","[1613347200000, 57738376570.131905]"
184,"[1613433600000, 47898.487027633135]","[1613433600000, 892345220938.2782]","[1613433600000, 61061855793.76279]"
185,"[1613520000000, 49238.13690672487]","[1613520000000, 917339726314.6964]","[1613520000000, 64141133353.975624]"
186,"[1613606400000, 52143.6788446198]","[1613606400000, 971516568847.578]","[1613606400000, 68478739131.4286]"
187,"[1613692800000, 51733.075539032034]","[1613692800000, 963911356673.4604]","[1613692800000, 58486508605.55778]"
188,"[1613779200000, 56038.72775892988]","[1613779200000, 1044189900351.5892]","[1613779200000, 71397235196.83829]"
189,"[1613865600000, 56377.63347790987]","[1613865600000, 1050555931433.1447]","[1613865600000, 77351787996.10461]"
190,"[1613952000000, 57669.3035269179]","[1613952000000, 1075380337357.9143]","[1613952000000, 61223272210.96276]"
191,"[1614038400000, 54410.85629451601]","[1614038400000, 1012091985973.4642]","[1614038400000, 101532021847.06647]"
192,"[1614124800000, 48691.894831704405]","[1614124800000, 904133801444.5278]","[1614124800000, 116689607925.81473]"
193,"[1614211200000, 49849.378713583144]","[1614211200000, 929081504353.552]","[1614211200000, 73140585468.96529]"
194,"[1614297600000, 46992.665450048495]","[1614297600000, 875883932252.4404]","[1614297600000, 60355381275.54549]"
195,"[1614384000000, 46551.48747675472]","[1614384000000, 869070614247.8623]","[1614384000000, 74357197463.7094]"
196,"[1614470400000, 46653.52639939581]","[1614470400000, 869649724200.5775]","[1614470400000, 50989764248.82767]"
197,"[1614556800000, 44970.163459946736]","[1614556800000, 838307614585.1935]","[1614556800000, 59679588927.08056]"
198,"[1614643200000, 49787.33995949672]","[1614643200000, 928146793676.4287]","[1614643200000, 63218569171.598305]"
199,"[1614729600000, 48532.23678981703]","[1614729600000, 905413239164.9064]","[1614729600000, 53499537416.816475]"
200,"[1614816000000, 50577.45746915202]","[1614816000000, 942969910364.1804]","[1614816000000, 59212268141.16633]"
201,"[1614902400000, 48727.45120080115]","[1614902400000, 908517236707.5374]","[1614902400000, 60749587836.169136]"
202,"[1614988800000, 49091.81488232977]","[1614988800000, 911379300053.3455]","[1614988800000, 56568112294.26829]"
203,"[1615075200000, 49019.36859236582]","[1615075200000, 916504852500.393]","[1615075200000, 41478786533.38212]"
204,"[1615161600000, 51313.09262027362]","[1615161600000, 955040794770.1399]","[1615161600000, 46146324828.48082]"
205,"[1615248000000, 52328.5359126325]","[1615248000000, 974195000547.444]","[1615248000000, 53568946625.62234]"
206,"[1615334400000, 54700.273439277444]","[1615334400000, 1018978819157.4177]","[1615334400000, 57418251743.06042]"
207,"[1615420800000, 56020.4877195857]","[1615420800000, 1044805904677.5541]","[1615420800000, 63560545036.79726]"
208,"[1615507200000, 57788.86810329514]","[1615507200000, 1077836070933.286]","[1615507200000, 64605228617.76096]"
209,"[1615593600000, 57353.86147197248]","[1615593600000, 1069776383193.8628]","[1615593600000, 59984971691.807]"
210,"[1615680000000, 61315.197932766816]","[1615680000000, 1145191373521.5942]","[1615680000000, 67332756651.27568]"
211,"[1615766400000, 59428.967566027764]","[1615766400000, 1111684638819.0723]","[1615766400000, 48104078384.27405]"
212,"[1615852800000, 55805.32924923426]","[1615852800000, 1049197142851.5631]","[1615852800000, 70594488699.70683]"
213,"[1615939200000, 56830.253335076224]","[1615939200000, 1060221966894.7418]","[1615939200000, 63219904254.35453]"
214,"[1616025600000, 59014.92563205099]","[1616025600000, 1101028543248.462]","[1616025600000, 63368268626.27834]"
215,"[1616112000000, 57922.40959262911]","[1616112000000, 1081065767945.8683]","[1616112000000, 58387006275.72827]"
216,"[1616198400000, 58243.27060892363]","[1616198400000, 1086741150606.8165]","[1616198400000, 51948388930.75819]"
217,"[1616284800000, 58376.15847137206]","[1616284800000, 1090022321077.5006]","[1616284800000, 54549112635.671715]"
218,"[1616371200000, 57573.539344778685]","[1616371200000, 1074356788297.177]","[1616371200000, 55664123837.602554]"
219,"[1616457600000, 54370.137557895185]","[1616457600000, 1020641820438.662]","[1616457600000, 62001716794.84347]"
220,"[1616544000000, 54584.86994699455]","[1616544000000, 1017637245492.0177]","[1616544000000, 60383378707.04851]"
221,"[1616630400000, 52526.86659704657]","[1616630400000, 982797427007.2565]","[1616630400000, 73029051195.05199]"
222,"[1616716800000, 51416.908304980054]","[1616716800000, 959155260366.7408]","[1616716800000, 63401640502.561295]"
223,"[1616803200000, 55033.100480447036]","[1616803200000, 1027209990794.8939]","[1616803200000, 55442557956.15464]"
224,"[1616889600000, 55832.418109618324]","[1616889600000, 1042184275332.6417]","[1616889600000, 47285749218.66506]"
225,"[1616976000000, 55728.10132780653]","[1616976000000, 1039333584621.1438]","[1616976000000, 49315845081.42435]"
226,"[1617062400000, 57634.92869447539]","[1617062400000, 1075942162536.995]","[1617062400000, 57387039705.47129]"
227,"[1617148800000, 58668.628336761]","[1617148800000, 1095293012032.8433]","[1617148800000, 52387542500.621956]"
228,"[1617235200000, 58817.3738884188]","[1617235200000, 1098127310946.8978]","[1617235200000, 57495844477.9185]"
229,"[1617321600000, 58801.194843878126]","[1617321600000, 1098583823874.2307]","[1617321600000, 54320681400.56781]"
230,"[1617408000000, 59060.02678333801]","[1617408000000, 1103133931136.5508]","[1617408000000, 52224918752.08043]"
231,"[1617494400000, 57060.40665471088]","[1617494400000, 1067101827372.9529]","[1617494400000, 52067853987.600494]"
232,"[1617580800000, 58228.802623466196]","[1617580800000, 1087344280109.6896]","[1617580800000, 46156767978.177345]"
233,"[1617667200000, 58706.81559311396]","[1617667200000, 1096202611389.9541]","[1617667200000, 54670173277.08731]"
234,"[1617753600000, 58062.17872433649]","[1617753600000, 1084341670320.8142]","[1617753600000, 61497704158.13829]"
235,"[1617840000000, 56134.41738866435]","[1617840000000, 1050759681844.6099]","[1617840000000, 67617613532.43307]"
236,"[1617926400000, 58065.644024815316]","[1617926400000, 1083362883828.1199]","[1617926400000, 48714359354.07226]"
237,"[1618012800000, 58152.993262141834]","[1618012800000, 1085794662404.731]","[1618012800000, 45880879041.76103]"
238,"[1618099200000, 59979.39281571831]","[1618099200000, 1116221525334.3267]","[1618099200000, 61788197398.73793]"
239,"[1618185600000, 59988.02095852983]","[1618185600000, 1120606689450.4702]","[1618185600000, 46792500386.96501]"
240,"[1618272000000, 59911.020594847316]","[1618272000000, 1118532902101.5269]","[1618272000000, 55994558888.5224]"
241,"[1618358400000, 63576.676041048275]","[1618358400000, 1187737045885.1743]","[1618358400000, 71993120011.18321]"
242,"[1618444800000, 62807.12323259299]","[1618444800000, 1173412921929.8884]","[1618444800000, 80157135507.58896]"
243,"[1618531200000, 63179.772446084695]","[1618531200000, 1179561609816.9358]","[1618531200000, 60495376851.28074]"
244,"[1618617600000, 61497.299569441195]","[1618617600000, 1149602869702.2644]","[1618617600000, 86260673269.76614]"
245,"[1618704000000, 60273.86667694734]","[1618704000000, 1125592412523.221]","[1618704000000, 63808212132.53643]"
246,"[1618790400000, 56288.94534001195]","[1618790400000, 1053618163309.5769]","[1618790400000, 102065957642.22952]"
247,"[1618876800000, 55721.166052695626]","[1618876800000, 1043148020633.034]","[1618876800000, 66156275209.79711]"
248,"[1618963200000, 56294.728558586925]","[1618963200000, 1055145534127.332]","[1618963200000, 68166802215.759544]"
249,"[1619049600000, 54190.07026283405]","[1619049600000, 1012699264345.6595]","[1619049600000, 56115370322.140594]"
250,"[1619136000000, 51965.5664304852]","[1619136000000, 971174701492.849]","[1619136000000, 77897442831.71704]"
251,"[1619222400000, 51191.1246964079]","[1619222400000, 956744203682.2198]","[1619222400000, 91138220375.4599]"
252,"[1619308800000, 50133.1073963654]","[1619308800000, 937014999515.3855]","[1619308800000, 49296256745.65119]"
253,"[1619395200000, 48981.4413932161]","[1619395200000, 915533819859.1393]","[1619395200000, 46233432154.225266]"
254,"[1619481600000, 53978.80554728962]","[1619481600000, 1008389773189.793]","[1619481600000, 60226926859.91649]"
255,"[1619568000000, 54991.81484262107]","[1619568000000, 1027617870421.6592]","[1619568000000, 48468560013.13787]"
256,"[1619654400000, 54810.6138506792]","[1619654400000, 1024625833392.2412]","[1619654400000, 48072930663.01449]"
257,"[1619740800000, 53596.70402266675]","[1619740800000, 1001973605935.3958]","[1619740800000, 46958036373.360306]"
258,"[1619827200000, 57828.511814425874]","[1619827200000, 1082721727348.0433]","[1619827200000, 53879045974.4321]"
259,"[1619913600000, 57812.96915967891]","[1619913600000, 1080897634123.2937]","[1619913600000, 43967070045.82312]"
260,"[1620000000000, 56600.74528738432]","[1620000000000, 1057850321948.5465]","[1620000000000, 39072664393.929405]"
261,"[1620086400000, 57200.30029871162]","[1620086400000, 1069571255195.5189]","[1620086400000, 54132470274.07509]"
262,"[1620172800000, 53464.37021950372]","[1620172800000, 999775008412.3738]","[1620172800000, 71296763919.13268]"
263,"[1620259200000, 57432.100227087576]","[1620259200000, 1070969079353.5304]","[1620259200000, 72158368257.54709]"
264,"[1620345600000, 56507.759439869595]","[1620345600000, 1056801053574.5111]","[1620345600000, 87510802710.77629]"
265,"[1620432000000, 57361.56904328887]","[1620432000000, 1072831991777.4056]","[1620432000000, 68154805947.0942]"
266,"[1620518400000, 58771.881689509355]","[1620518400000, 1099271802311.4957]","[1620518400000, 66812167538.22713]"
267,"[1620604800000, 58213.926293744385]","[1620604800000, 1088903483393.3053]","[1620604800000, 67906284080.6139]"
268,"[1620691200000, 55901.66759456145]","[1620691200000, 1045714370754.1615]","[1620691200000, 76672978747.69038]"
269,"[1620777600000, 56928.97235660158]","[1620777600000, 1064993057463.8884]","[1620777600000, 67726708140.565094]"
270,"[1620864000000, 50004.76218313686]","[1620864000000, 935512493150.826]","[1620864000000, 75523928654.34041]"
271,"[1620950400000, 49972.795398372444]","[1620950400000, 934964766185.9642]","[1620950400000, 104203551167.93765]"
272,"[1621036800000, 49913.26314398822]","[1621036800000, 935962705739.4398]","[1621036800000, 56820196964.51265]"
273,"[1621123200000, 46780.902304688214]","[1621123200000, 875321252276.1078]","[1621123200000, 62896879696.14898]"
274,"[1621209600000, 46585.06413538846]","[1621209600000, 871695620615.745]","[1621209600000, 70636455913.96016]"
275,"[1621296000000, 43780.82559782485]","[1621296000000, 819256623328.7307]","[1621296000000, 84054878923.85199]"
276,"[1621382400000, 43091.04144756922]","[1621382400000, 800545278567.6873]","[1621382400000, 65037066859.11668]"
277,"[1621468800000, 37287.39140242737]","[1621468800000, 697785056487.6051]","[1621468800000, 141151477374.61298]"
278,"[1621555200000, 40437.73009625558]","[1621555200000, 759679496751.2783]","[1621555200000, 95001812130.50996]"
279,"[1621641600000, 37339.63420134628]","[1621641600000, 698762712553.7339]","[1621641600000, 88706010988.29123]"
280,"[1621728000000, 37520.31767547438]","[1621728000000, 702143968883.5249]","[1621728000000, 61178935273.653305]"
281,"[1621814400000, 34977.527801962424]","[1621814400000, 654558962027.5841]","[1621814400000, 84358034875.51308]"
282,"[1621900800000, 38642.4422973396]","[1621900800000, 723143072419.7241]","[1621900800000, 71163197727.3351]"
283,"[1621987200000, 38210.80521759389]","[1621987200000, 715248689989.8947]","[1621987200000, 48724794157.985054]"
284,"[1622073600000, 39406.934244116186]","[1622073600000, 737668726732.3829]","[1622073600000, 47026386118.47242]"
285,"[1622160000000, 38642.89555434217]","[1622160000000, 723137484747.1467]","[1622160000000, 40836817155.71973]"
286,"[1622246400000, 35710.220936529884]","[1622246400000, 668521654364.6696]","[1622246400000, 49991590067.73797]"
287,"[1622332800000, 34775.07941347281]","[1622332800000, 654239808356.6592]","[1622332800000, 43184025044.772804]"
288,"[1622419200000, 35714.75202018067]","[1622419200000, 668664301773.5417]","[1622419200000, 30650274657.695255]"
289,"[1622505600000, 37340.6792659422]","[1622505600000, 699138611681.2975]","[1622505600000, 37950798680.48171]"
290,"[1622592000000, 36680.06820180283]","[1622592000000, 688726381047.1788]","[1622592000000, 33536905027.710236]"
291,"[1622678400000, 37685.71798174826]","[1622678400000, 704531333543.3906]","[1622678400000, 31240691604.199257]"
292,"[1622764800000, 39151.316183800314]","[1622764800000, 733150718114.4554]","[1622764800000, 33396718844.557133]"
293,"[1622851200000, 36938.72031139185]","[1622851200000, 691747462828.3618]","[1622851200000, 39345490149.31464]"
294,"[1622937600000, 35546.98596483364]","[1622937600000, 662913486273.3402]","[1622937600000, 34068172835.766655]"
295,"[1623024000000, 35834.4744744042]","[1623024000000, 671131079523.7289]","[1623024000000, 27689283070.836933]"
296,"[1623110400000, 33451.38340714534]","[1623110400000, 626527049947.8439]","[1623110400000, 33345528753.340153]"
297,"[1623196800000, 33557.15068309184]","[1623196800000, 629018966290.4011]","[1623196800000, 46727462986.366455]"
298,"[1623283200000, 37553.64375851888]","[1623283200000, 705292677171.4633]","[1623283200000, 54511387836.11497]"
299,"[1623369600000, 36903.304906778896]","[1623369600000, 691681868464.4717]","[1623369600000, 42952476854.83458]"
300,"[1623456000000, 37289.43252210222]","[1623456000000, 698528023663.5321]","[1623456000000, 36358044262.709755]"
301,"[1623542400000, 35666.14977877309]","[1623542400000, 668148892256.3638]","[1623542400000, 35710196743.32056]"
302,"[1623628800000, 39147.70567879997]","[1623628800000, 733402631079.1185]","[1623628800000, 38185633278.287155]"
303,"[1623715200000, 40624.51305316154]","[1623715200000, 761104314502.2867]","[1623715200000, 45836408439.45157]"
304,"[1623801600000, 40378.20254971114]","[1623801600000, 756522207420.3483]","[1623801600000, 36706248352.237144]"
305,"[1623888000000, 38321.454656574206]","[1623888000000, 718016373177.285]","[1623888000000, 36563438889.78541]"
306,"[1623974400000, 38193.619141943964]","[1623974400000, 715652442155.1261]","[1623974400000, 36330237284.41833]"
307,"[1624060800000, 35881.11137137543]","[1624060800000, 673761687974.4922]","[1624060800000, 35162612172.75275]"
308,"[1624147200000, 35581.64226773201]","[1624147200000, 666901325910.3705]","[1624147200000, 28858979691.78587]"
309,"[1624233600000, 35787.07740523232]","[1624233600000, 670634370556.6146]","[1624233600000, 35609127163.62243]"
310,"[1624320000000, 31711.935467727006]","[1624320000000, 598335733135.868]","[1624320000000, 51873870276.52254]"
311,"[1624406400000, 32507.738707026845]","[1624406400000, 606580031922.7239]","[1624406400000, 57443014757.92467]"
312,"[1624492800000, 33702.61779371396]","[1624492800000, 631634847766.2311]","[1624492800000, 39798236962.44067]"
313,"[1624579200000, 34675.44910530336]","[1624579200000, 650340461975.8141]","[1624579200000, 31862051544.349895]"
314,"[1624665600000, 31943.136467863093]","[1624665600000, 598703019611.4526]","[1624665600000, 38635245431.3565]"
315,"[1624752000000, 32023.973901774916]","[1624752000000, 600235334320.8247]","[1624752000000, 36873109419.90242]"
316,"[1624838400000, 34607.293274083386]","[1624838400000, 649262127990.3759]","[1624838400000, 34335452117.32629]"
317,"[1624924800000, 34556.8421269449]","[1624924800000, 647741224116.9337]","[1624924800000, 32453802891.01519]"
318,"[1625011200000, 35968.993667970346]","[1625011200000, 674231340724.4149]","[1625011200000, 35121257875.54662]"
319,"[1625097600000, 35171.486304850056]","[1625097600000, 660200427590.4775]","[1625097600000, 31024153846.878517]"
320,"[1625184000000, 33677.566235922626]","[1625184000000, 629863895571.7473]","[1625184000000, 29129630236.14075]"
321,"[1625270400000, 33950.786555181]","[1625270400000, 633684390025.5607]","[1625270400000, 25084046353.169456]"
322,"[1625356800000, 34729.89077801021]","[1625356800000, 650382046624.6503]","[1625356800000, 22986053604.70427]"
323,"[1625443200000, 35394.213074080915]","[1625443200000, 663571591568.1959]","[1625443200000, 22727930417.748825]"
324,"[1625529600000, 33928.13421837147]","[1625529600000, 636061920914.8282]","[1625529600000, 25894820184.74507]"
325,"[1625616000000, 34149.98981477412]","[1625616000000, 640405812761.686]","[1625616000000, 26106856611.92326]"
326,"[1625702400000, 33932.25463831538]","[1625702400000, 636246944189.2604]","[1625702400000, 23692220470.135063]"
327,"[1625788800000, 32933.578199292395]","[1625788800000, 617861633771.9894]","[1625788800000, 29065577052.29722]"
328,"[1625875200000, 33971.297749757956]","[1625875200000, 637000370375.4657]","[1625875200000, 24282108111.21572]"
329,"[1625961600000, 33704.53847440508]","[1625961600000, 632185737683.1548]","[1625961600000, 20558304483.59407]"
330,"[1626048000000, 34299.938016517444]","[1626048000000, 643335853171.1349]","[1626048000000, 17798828844.27227]"
331,"[1626134400000, 33262.6543524462]","[1626134400000, 623350567666.981]","[1626134400000, 21683885320.611263]"
332,"[1626220800000, 32676.38380096018]","[1626220800000, 613002045101.37]","[1626220800000, 19932531699.624603]"
333,"[1626307200000, 32878.50187357147]","[1626307200000, 616691143979.958]","[1626307200000, 21779069066.445965]"
334,"[1626393600000, 31726.038833909817]","[1626393600000, 595342431373.8641]","[1626393600000, 21557729227.284348]"
335,"[1626480000000, 31399.653128682126]","[1626480000000, 588495008675.5178]","[1626480000000, 22671859962.66356]"
336,"[1626566400000, 31588.6713510167]","[1626566400000, 592581931071.2119]","[1626566400000, 17715455994.789402]"
337,"[1626652800000, 31919.393922554555]","[1626652800000, 597872278369.1111]","[1626652800000, 17742105807.895496]"
338,"[1626739200000, 30928.211908849244]","[1626739200000, 580252472382.7122]","[1626739200000, 20095540828.295692]"
339,"[1626825600000, 29971.903783612062]","[1626825600000, 561743228116.5483]","[1626825600000, 23000299061.896305]"
340,"[1626912000000, 32383.78112696872]","[1626912000000, 605357009416.7555]","[1626912000000, 29070652059.995018]"
341,"[1626998400000, 32409.499767175417]","[1626998400000, 607621607805.3499]","[1626998400000, 19741588059.45234]"
342,"[1627084800000, 33455.55127272261]","[1627084800000, 627747173675.4332]","[1627084800000, 22937379734.633812]"
343,"[1627171200000, 34213.59993217662]","[1627171200000, 642012590040.6406]","[1627171200000, 22120323672.367214]"
344,"[1627257600000, 35456.124660766836]","[1627257600000, 664681184168.7764]","[1627257600000, 20929083220.53677]"
345,"[1627344000000, 37281.91809217662]","[1627344000000, 701921012034.6644]","[1627344000000, 53550491997.72306]"
346,"[1627430400000, 39076.59377063225]","[1627430400000, 732311951673.3547]","[1627430400000, 36401287454.43055]"
347,"[1627516800000, 40031.19824444798]","[1627516800000, 751371299910.5153]","[1627516800000, 41369107422.717026]"
348,"[1627603200000, 39977.75693922764]","[1627603200000, 750407963580.4731]","[1627603200000, 28717414113.01727]"
349,"[1627689600000, 41936.261478677225]","[1627689600000, 786531956383.648]","[1627689600000, 35530501782.520935]"
350,"[1627776000000, 41754.16660435275]","[1627776000000, 784039345926.1898]","[1627776000000, 28437941447.49927]"
351,"[1627862400000, 39914.82975848789]","[1627862400000, 747403845431.8284]","[1627862400000, 28555173661.663795]"
352,"[1627948800000, 39278.766508103676]","[1627948800000, 737440183775.5553]","[1627948800000, 28057528866.262108]"
353,"[1628035200000, 38368.35401197897]","[1628035200000, 720835141114.3336]","[1628035200000, 28422901237.16951]"
354,"[1628121600000, 39751.58457509862]","[1628121600000, 747085951935.0547]","[1628121600000, 27751046040.329308]"
355,"[1628208000000, 40825.381940449704]","[1628208000000, 768416417393.5968]","[1628208000000, 38527930905.31518]"
356,"[1628294400000, 42802.13717474142]","[1628294400000, 803853127161.2805]","[1628294400000, 40840608016.843094]"
357,"[1628380800000, 44647.57760300116]","[1628380800000, 838457486987.6113]","[1628380800000, 42725276705.46515]"
358,"[1628467200000, 43753.217862646314]","[1628467200000, 821704814136.0109]","[1628467200000, 39633218478.615295]"
359,"[1628553600000, 46311.00189857689]","[1628553600000, 861862844505.6104]","[1628553600000, 42726733997.85781]"
360,"[1628640000000, 45639.51401890709]","[1628640000000, 854344953098.7552]","[1628640000000, 35669862361.54627]"
361,"[1628726400000, 45652.06012506926]","[1628726400000, 857660568377.3856]","[1628726400000, 35679832771.371475]"
362,"[1628812800000, 44495.20979327958]","[1628812800000, 836054770491.896]","[1628812800000, 35838614930.04035]"
363,"[1628899200000, 47717.27052766495]","[1628899200000, 895084141168.7996]","[1628899200000, 34320865037.164627]"
364,"[1628985600000, 47088.85313451467]","[1628985600000, 886593539912.8141]","[1628985600000, 33294851810.64847]"
365,"[1629055028000, 46187.35784902062]","[1629055028000, 868995573266.588]","[1629055028000, 31882610962.17278]"
